"Parameter","Unit","Base Case","Scenario 1"
"Jangka Waktu","thn","33","34"
"Suku Bunga Bebas Risiko","%/thn","6.45","6.95"
"Modal Awal","$","2.5","0.5"
"Anggaran Rumah Bulanan","$","1","1.5"
"Kenaikan Anggaran Tahunan","%/thn","2","2.5"
"Harga Properti","$","880000.5","880001"
"Uang Muka (DP)","% dari harga","23.5","24"
"Mode KPR","","detailed","detailed"
"Tipe KPR","","io","io"
"Jangka Waktu KPR","thn","35","33"
"Periode Bunga 1","","fixed yr 1-35 @ 6%","fixed yr 1-33 @ 6%"
"Biaya = Bunga Saja","","Yes","Yes"
"Kenaikan Harga Properti (RPPI)","%/thn CAGR","6.5","7"
"Biaya Penjualan","% dari harga jual","4.75","5.25"
"Mode Biaya Beli","","detailed","detailed"
"Biaya Awal 1","","32000 fixed","32000 fixed"
"Biaya Rutin Beli 1","","6000 yearly (+0%/yr)","6000 yearly (+0%/yr)"
"Biaya Sewa","$","710.88","711"
"Frekuensi Sewa","","weekly","weekly"
"Kenaikan Sewa Tahunan","%/thn","4.8","5.3"
"Mode Biaya Sewa","","detailed","detailed"
"Biaya Rutin Sewa 1","","1200 yearly (+0%/yr)","1200 yearly (+0%/yr)"

"Beli Kekayaan Bersih","","-$773k","-$599k"
"Sewa Kekayaan Bersih","","-$5.73m","-$6.58m"
"Delta Beli - Sewa","","+$4.96m","+$5.98m"